source,target,value
0,4,332
1,2,0
2,0,199
3,14,0
4,34,285
5,0,0
5,4,0
5,6,0
5,18,0
5,60,0
6,2,108
6,16,108
6,92,108
7,4,0
7,16,0
7,130,0
8,0,0
8,56,0
8,174,0
9,224,0
10,280,0
11,0,0
11,2,0
11,12,0
11,20,0
11,66,0
11,112,0
11,342,0
12,4,63
12,56,63
12,410,63
13,484,0
14,0,50
14,4,50
14,6,50
14,18,50
14,24,50
14,60,50
14,78,50
14,186,50
14,564,50
15,650,0
16,2,103
16,146,103
16,742,103
17,0,0
17,278,0
17,840,0
18,944,94
19,4,0
19,148,0
20,0,79
20,14,79
20,20,79
20,48,79
20,66,79
20,388,79
21,2,0
21,4,0
21,32,0
21,34,0
21,182,0
21,256,0
22,22,0
23,0,0
23,6,0
23,170,0
23,516,0
24,24,37
25,16,0
25,94,0
26,0,0
26,2,0
26,4,0
26,12,0
26,16,0
26,18,0
26,32,0
26,54,0
26,92,0
26,102,0
26,130,0
26,282,0
26,396,0
26,662,0
27,27,0
28,4,0
28,328,0
29,0,0
29,826,0
30,30,0
31,2,0
31,566,0
32,0,53
32,6,53
32,334,53
33,4,0
33,458,0
34,20,52
34,146,52
35,0,0
35,4,0
35,18,0
35,170,0
35,516,0
36,2,0
36,766,0
37,14,0
37,236,0
38,0,0
39,39,0
40,4,0
40,46,0
40,94,0
40,676,0
41,0,0
41,2,0
41,6,0
41,12,0
41,24,0
41,34,0
41,42,0
41,108,0
41,132,0
41,182,0
41,330,0
41,552,0
41,996,0
42,4,18
42,46,18
42,104,18
42,746,18
43,20,0
43,236,0
44,0,0
44,16,0
44,54,0
44,98,0
44,300,0
45,16,0
45,314,0
46,2,39
47,0,0
47,4,0
47,18,0
47,310,0
47,936,0
48,48,20
49,4,0
50,0,0
50,6,0
50,824,0
51,2,0
52,52,0
53,0,0
54,4,30
54,14,30
54,70,30
54,116,30
54,508,30
55,55,0
56,0,23
56,2,23
56,4,23
56,12,23
56,18,23
56,32,23
56,86,23
56,102,23
56,264,23
56,442,23
56,620,23
57,20,0
57,418,0
58,34,0
58,268,0
59,0,0
59,6,0
60,60,32
61,2,0
61,4,0
61,32,0
61,314,0
62,0,0
63,4,0
63,16,0
63,86,0
63,130,0
63,620,0
64,16,0
64,640,0
65,0,0
66,2,25
66,20,25
66,110,25
66,112,25
66,562,25
67,56,0
67,224,0
68,0,0
68,4,0
68,6,0
68,18,0
68,24,0
68,60,0
68,70,0
68,186,0
68,216,0
68,508,0
68,654,0
69,69,0
70,4,25
71,0,0
71,2,0
71,12,0
71,14,0
71,48,0
71,56,0
71,82,0
71,174,0
71,252,0
71,292,0
71,882,0
72,72,0
73,73,0
74,0,0
75,4,0
76,2,0
77,0,0
77,4,0
77,6,0
77,18,0
77,60,0
77,278,0
77,840,0
78,34,11
78,488,11
79,79,0
80,0,0
80,20,0
80,66,0
80,274,0
80,828,0
81,2,0
82,4,7
82,16,7
82,130,7
82,148,7
83,0,0
83,16,0
83,54,0
83,358,0
84,4,0
85,110,0
85,188,0
86,0,16
86,2,16
86,6,16
86,12,16
86,42,16
86,488,16
87,87,0
88,14,0
89,0,0
89,4,0
89,18,0
89,20,0
89,46,0
89,66,0
89,144,0
89,158,0
89,340,0
89,480,0
90,90,0
91,2,0
91,4,0
91,32,0
91,46,0
91,98,0
91,242,0
91,502,0
91,704,0
92,0,21
93,93,0
94,94,21
95,0,0
95,6,0
95,24,0
95,34,0
95,78,0
95,108,0
95,240,0
95,330,0
95,726,0
95,996,0
96,2,0
96,4,0
96,32,0
96,784,0
97,97,0
98,0,16
98,4,16
98,18,16
99,99,0
100,164,0
100,176,0
101,0,0
101,2,0
101,12,0
101,16,0
101,54,0
101,92,0
101,104,0
101,282,0
101,318,0
101,532,0
102,16,18
103,4,0
103,20,0
103,158,0
103,194,0
104,0,16
104,6,16
105,4,0
105,14,0
105,116,0
105,274,0
106,2,0
107,0,0
108,108,18
109,109,0
110,0,15
110,4,15
110,18,15
111,2,0
112,4,14
112,20,14
112,158,14
112,230,14
113,0,0
113,6,0
114,114,0
115,34,0
116,0,13
116,2,13
116,12,13
117,4,0
118,118,0
119,0,0
119,4,0
119,18,0
120,16,0
121,2,0
121,16,0
121,92,0
121,458,0
122,0,0
122,6,0
122,14,0
122,24,0
122,48,0
122,94,0
122,150,0
122,288,0
122,456,0
122,870,0
123,164,0
123,268,0
124,4,0
125,0,0
126,2,0
126,4,0
126,20,0
126,32,0
126,56,0
126,112,0
126,158,0
126,292,0
126,410,0
126,802,0
127,70,0
127,658,0
128,0,0
129,129,0
130,56,29
130,854,29
131,0,0
131,2,0
131,4,0
131,6,0
131,12,0
131,18,0
131,32,0
131,42,0
131,60,0
131,102,0
131,160,0
131,312,0
131,486,0
131,812,0
132,34,7
133,4,0
134,0,0
135,20,0
136,2,0
137,0,0
137,94,0
137,190,0
137,288,0
137,576,0
138,4,0
138,46,0
139,14,0
139,16,0
139,176,0
139,320,0
140,0,0
140,4,0
140,6,0
140,16,0
140,18,0
140,46,0
140,54,0
140,60,0
140,130,0
140,144,0
140,168,0
140,340,0
140,396,0
140,438,0
140,928,0
141,2,0
141,70,0
141,160,0
141,362,0
141,812,0
142,142,0
143,0,0
144,144,13
145,4,0
145,86,0
145,98,0
145,620,0
145,704,0
146,0,11
146,2,11
146,12,11
147,4,0
148,148,14
149,0,0
149,6,0
149,20,0
149,24,0
149,66,0
149,104,0
149,204,0
149,318,0
149,618,0
149,960,0
150,150,6
151,2,0
152,0,0
152,4,0
152,18,0
152,34,0
152,86,0
152,108,0
152,256,0
152,264,0
152,620,0
152,774,0
153,153,0
154,4,0
155,0,0
156,2,0
156,14,0
156,82,0
156,854,0
157,157,0
158,0,14
158,6,14
158,16,14
158,20,14
158,54,14
158,66,14
158,168,14
158,204,14
158,358,14
158,434,14
159,4,0
159,16,0
159,130,0
159,566,0
160,194,10
160,386,10
161,0,0
161,2,0
161,4,0
161,12,0
161,18,0
161,32,0
161,102,0
161,736,0
162,248,0
162,310,0
163,163,0
164,0,11
165,146,0
165,544,0
166,2,0
166,4,0
166,32,0
167,0,0
167,6,0
168,4,10
169,34,0
170,0,7
170,148,7
170,188,7
170,450,7
170,570,7
171,2,0
172,20,0
173,0,0
173,4,0
173,14,0
173,18,0
173,48,0
173,116,0
173,248,0
173,354,0
173,750,0
174,174,12
175,4,0
176,0,0
176,2,0
176,6,0
176,12,0
176,24,0
176,42,0
176,78,0
176,132,0
176,226,0
176,402,0
176,684,0
177,16,0
178,16,0
179,0,0
179,110,0
179,280,0
179,336,0
179,846,0
180,4,0
181,2,0
181,20,0
181,112,0
181,850,0
182,0,9
182,4,9
182,18,9
183,146,0
183,670,0
184,184,0
185,0,0
185,6,0
185,56,0
185,174,0
185,190,0
185,528,0
185,576,0
186,2,10
187,4,0
187,46,0
188,0,9
189,4,0
189,34,0
189,46,0
189,56,0
189,256,0
189,410,0
190,14,9
191,0,0
191,2,0
191,12,0
192,98,0
193,328,0
193,334,0
194,0,5
194,4,5
194,6,5
194,18,5
194,60,5
195,20,0
196,2,0
196,4,0
196,16,0
196,32,0
196,92,0
196,130,0
196,170,0
196,662,0
196,862,0
197,0,0
197,16,0
197,54,0
198,110,0
199,230,0
199,506,0
200,0,0
200,70,0
200,216,0
200,544,0
201,2,0
201,4,0
201,32,0
202,202,0
203,0,0
203,4,0
203,6,0
203,18,0
203,24,0
203,60,0
203,186,0
203,650,0
204,20,9
205,205,0
206,0,0
206,2,0
206,12,0
206,34,0
206,108,0
206,182,0
206,226,0
206,552,0
206,684,0
207,14,0
208,4,0
208,104,0
208,170,0
208,746,0
209,0,0
210,4,0
211,2,0
212,0,0
212,6,0
213,213,0
214,70,0
215,0,0
215,4,0
215,16,0
215,18,0
215,54,0
215,130,0
215,344,0
215,396,0
216,2,6
216,16,6
216,92,6
217,4,0
218,0,0
218,20,0
218,66,0
219,94,0
220,220,0
221,0,0
221,2,0
221,6,0
221,12,0
221,42,0
222,4,0
223,223,0
224,0,2
224,4,2
224,14,2
224,18,2
224,48,2
224,116,2
224,354,2
224,418,2
225,225,0
226,2,4
226,34,4
226,182,4
226,824,4
227,0,0
227,20,0
227,66,0
228,228,0
229,4,0
230,0,5
230,6,5
230,24,5
231,2,0
231,4,0
231,32,0
232,232,0
233,0,0
233,148,0
233,356,0
233,450,0
234,16,0
234,86,0
234,94,0
235,16,0
236,0,-3
236,2,-3
236,4,-3
236,12,-3
236,18,-3
236,32,-3
236,46,-3
236,102,-3
236,144,-3
236,224,-3
236,242,-3
236,678,-3
236,732,-3
237,237,0
238,4,0
238,46,0
239,0,0
239,6,0
240,240,4
241,2,0
241,14,0
241,20,0
241,82,0
241,86,0
241,112,0
241,388,0
241,442,0
242,0,7
243,4,0
243,34,0
243,256,0
243,680,0
244,56,0
245,0,0
245,4,0
245,18,0
246,2,0
246,98,0
246,356,0
246,502,0
247,247,0
248,0,2
248,6,2
248,56,2
248,174,2
248,344,2
248,528,2
249,249,0
250,4,0
250,20,0
250,158,0
251,0,0
251,2,0
251,12,0
252,4,3
253,16,0
254,0,0
254,16,0
254,54,0
255,255,0
256,2,11
256,104,11
256,364,11
256,532,11
257,0,0
257,4,0
257,6,0
257,18,0
257,24,0
257,60,0
257,78,0
257,186,0
257,346,0
257,564,0
258,14,0
259,4,0
260,0,0
261,2,0
262,262,0
263,0,0
263,34,0
263,108,0
264,4,5
264,20,5
264,158,5
265,265,0
266,0,0
266,2,0
266,4,0
266,6,0
266,12,0
266,18,0
266,32,0
266,42,0
266,60,0
266,102,0
266,312,0
266,670,0
267,164,0
268,268,8
269,0,0
270,270,0
271,2,0
271,4,0
271,32,0
272,0,0
272,16,0
272,54,0
273,4,0
273,16,0
273,20,0
273,70,0
273,130,0
273,158,0
273,434,0
273,508,0
274,274,8
275,0,0
275,6,0
275,14,0
275,48,0
275,150,0
276,2,0
276,188,0
276,236,0
276,952,0
277,277,0
278,0,5
278,4,5
278,18,5
279,176,0
280,4,3
280,34,3
280,256,3
280,904,3
281,0,0
281,2,0
281,12,0
282,236,6
282,994,6
283,283,0
284,0,0
284,6,0
284,24,0
285,4,0
285,46,0
286,2,0
287,0,0
287,4,0
287,18,0
287,20,0
287,46,0
287,66,0
287,70,0
287,144,0
287,158,0
287,216,0
287,480,0
287,508,0
288,288,7
289,289,0
290,0,0
290,164,0
290,498,0
290,500,0
291,2,0
291,16,0
291,92,0
292,4,-1
292,14,-1
292,16,-1
292,110,-1
292,116,-1
292,130,-1
292,320,-1
292,788,-1
293,0,0
293,6,0
293,98,0
293,280,0
293,300,0
293,846,0
293,906,0
294,4,0
294,160,0
294,224,0
295,295,0
296,0,0
296,2,0
296,12,0
296,20,0
296,66,0
296,112,0
296,342,0
296,758,0
297,297,0
298,278,0
298,944,0
299,0,0
299,4,0
299,18,0
300,34,5
300,194,5
301,2,0
301,4,0
301,32,0
302,0,0
302,6,0
303,56,0
304,160,0
305,0,0
306,2,0
306,4,0
306,32,0
307,56,0
308,0,0
308,4,0
308,18,0
309,14,0
310,16,3
310,20,3
310,434,3
310,656,3
311,0,0
311,2,0
311,6,0
311,12,0
311,16,0
311,24,0
311,42,0
311,54,0
311,92,0
311,110,0
311,132,0
311,168,0
311,282,0
311,336,0
311,510,0
311,562,0
311,852,0
312,484,4
312,596,4
313,4,0
314,0,3
314,146,3
314,444,3
314,658,3
315,4,0
315,104,0
315,394,0
315,746,0
316,2,0
316,94,0
316,482,0
316,614,0
317,0,0
317,34,0
317,108,0
318,176,5
319,20,0
320,0,1
320,4,1
320,6,1
320,18,1
320,60,1
321,2,0
321,148,0
321,406,0
321,752,0
322,4,0
323,0,0
323,86,0
323,264,0
324,324,0
325,346,0
325,904,0
326,0,0
326,2,0
326,12,0
326,14,0
326,48,0
326,82,0
326,252,0
327,4,0
328,328,6
329,0,0
329,4,0
329,6,0
329,16,0
329,18,0
329,54,0
329,60,0
329,130,0
329,168,0
329,268,0
329,396,0
329,810,0
330,16,3
330,86,3
330,190,3
331,2,0
331,94,0
331,482,0
331,674,0
332,0,0
332,146,0
332,444,0
332,736,0
333,20,0
334,4,4
334,46,4
335,0,0
336,2,1
336,4,1
336,32,1
336,46,1
336,242,1
337,34,0
338,0,0
338,6,0
338,24,0
338,78,0
338,240,0
339,339,0
340,340,6
341,0,0
341,2,0
341,4,0
341,12,0
341,18,0
341,32,0
341,102,0
342,20,5
343,4,0
343,14,0
343,116,0
344,0,5
345,230,0
346,2,1
346,70,1
346,362,1
346,980,1
347,0,0
347,6,0
347,98,0
347,300,0
347,394,0
347,906,0
348,4,0
348,16,0
348,130,0
349,16,0
350,0,0
350,4,0
350,18,0
351,2,0
352,352,0
353,0,0
354,34,5
355,4,0
356,0,-5
356,2,-5
356,6,-5
356,12,-5
356,20,-5
356,42,-5
356,66,-5
356,112,-5
356,204,-5
356,342,-5
356,364,-5
357,4,0
357,194,0
357,274,0
358,278,5
359,0,0
359,328,0
359,386,0
359,990,0
360,14,0
360,70,0
360,310,0
361,2,0
361,188,0
361,406,0
361,952,0
362,0,-3
362,4,-3
362,18,-3
362,56,-3
362,174,-3
362,314,-3
362,410,-3
362,948,-3
363,104,0
364,4,4
365,0,0
365,6,0
365,20,0
365,24,0
365,66,0
365,204,0
365,618,0
365,640,0
366,2,0
366,56,0
366,292,0
367,16,0
368,0,0
368,16,0
368,54,0
369,4,0
369,170,0
369,334,0
370,370,0
371,0,0
371,2,0
371,4,0
371,12,0
371,18,0
371,32,0
371,102,0
372,372,0
373,373,0
374,0,0
374,6,0
374,34,0
374,108,0
374,330,0
375,375,0
376,2,0
376,4,0
376,32,0
377,0,0
377,14,0
377,48,0
378,4,0
378,190,0
378,314,0
379,20,0
380,0,0
381,2,0
381,170,0
381,500,0
381,862,0
382,274,0
383,0,0
383,4,0
383,6,0
383,18,0
383,46,0
383,60,0
383,144,0
383,438,0
383,994,0
384,148,0
385,4,0
385,46,0
386,0,-2
386,2,-2
386,12,-2
386,16,-2
386,54,-2
386,92,-2
386,282,-2
387,16,0
388,20,2
388,526,2
388,850,2
389,0,0
390,4,0
391,2,0
391,34,0
391,182,0
392,0,0
392,4,0
392,6,0
392,18,0
392,24,0
392,60,0
392,186,0
393,393,0
394,14,1
394,98,1
394,268,1
395,0,0
396,2,9
397,4,0
398,0,0
399,4,0
400,400,0
401,0,0
401,2,0
401,6,0
401,12,0
401,42,0
402,20,2
403,403,0
404,0,0
404,4,0
404,18,0
405,16,0
405,110,0
405,226,0
406,2,-4
406,4,-4
406,16,-4
406,32,-4
406,92,-4
406,130,-4
406,662,-4
406,740,-4
407,0,0
408,408,0
409,409,0
410,0,8
410,6,8
411,2,0
411,4,0
411,14,0
411,20,0
411,32,0
411,34,0
411,82,0
411,112,0
411,116,0
411,158,0
411,182,0
411,256,0
411,388,0
411,592,0
411,626,0
411,802,0
411,848,0
412,86,0
413,0,0
413,4,0
413,18,0
413,94,0
413,248,0
413,288,0
413,676,0
413,750,0
414,414,0
415,415,0
416,0,0
416,2,0
416,12,0
417,417,0
418,4,4
419,0,0
419,6,0
419,24,0
419,70,0
419,78,0
419,86,0
419,216,0
419,264,0
419,654,0
419,798,0
420,4,0
421,2,0
421,56,0
421,292,0
422,0,0
422,104,0
422,318,0
423,423,0
424,16,0
424,110,0
424,248,0
425,0,0
425,4,0
425,16,0
425,18,0
425,20,0
425,54,0
425,56,0
425,66,0
425,130,0
425,158,0
425,174,0
425,396,0
425,410,0
425,434,0
425,480,0
426,2,0
427,4,0
428,0,0
428,6,0
428,14,0
428,34,0
428,48,0
428,94,0
428,108,0
428,150,0
428,288,0
428,330,0
428,626,0
428,870,0
429,698,0
429,784,0
430,430,0
431,0,0
431,2,0
431,12,0
432,4,0
432,46,0
432,230,0
432,340,0
433,70,0
434,0,-3
434,4,-3
434,18,-3
434,20,-3
434,46,-3
434,66,-3
434,144,-3
434,158,-3
434,164,-3
434,480,-3
434,498,-3
435,226,0
436,2,0
437,0,0
437,6,0
438,438,4
439,4,0
440,0,0
441,2,0
441,4,0
441,32,0
442,442,5
443,0,0
443,16,0
443,54,0
444,16,2
444,358,2
445,14,0
446,0,0
446,2,0
446,4,0
446,6,0
446,12,0
446,18,0
446,24,0
446,32,0
446,42,0
446,60,0
446,102,0
446,132,0
446,186,0
446,312,0
446,628,0
446,942,0
447,447,0
448,4,0
448,20,0
448,34,0
448,98,0
448,158,0
448,256,0
448,704,0
448,848,0
449,0,0
450,450,4
451,2,0
452,0,0
453,4,0
454,454,0
455,0,0
455,4,0
455,6,0
455,18,0
455,60,0
456,2,1
457,20,0
457,160,0
457,164,0
458,0,2
458,176,2
458,534,2
459,459,0
460,4,0
461,0,0
461,2,0
461,12,0
462,4,0
462,14,0
462,16,0
462,116,0
462,130,0
462,280,0
462,320,0
463,16,0
463,146,0
463,224,0
464,0,0
464,6,0
465,34,0
466,2,0
467,0,0
467,4,0
467,18,0
467,160,0
467,188,0
467,486,0
467,570,0
468,468,0
469,4,0
470,0,0
470,104,0
470,318,0
471,2,0
471,20,0
471,112,0
472,148,0
473,0,0
473,6,0
473,24,0
474,4,0
475,310,0
476,0,0
476,2,0
476,4,0
476,12,0
476,18,0
476,32,0
476,102,0
477,766,0
477,884,0
478,418,0
479,0,0
479,14,0
479,48,0
480,20,5
480,56,5
480,506,5
481,2,0
481,4,0
481,16,0
481,32,0
481,46,0
481,92,0
481,130,0
481,146,0
481,242,0
481,662,0
481,742,0
481,928,0
482,0,-1
482,6,-1
482,16,-1
482,54,-1
482,168,-1
483,4,0
483,46,0
483,340,0
484,56,4
485,0,0
485,34,0
485,108,0
486,2,3
487,596,0
488,0,1
488,4,1
488,18,1
489,604,0
490,4,0
491,0,0
491,2,0
491,6,0
491,12,0
491,42,0
492,70,0
493,493,0
494,0,0
494,20,0
494,66,0
494,458,0
494,526,0
495,4,0
495,98,0
495,704,0
496,2,0
496,14,0
496,82,0
497,0,0
497,4,0
497,18,0
497,176,0
497,194,0
497,534,0
497,588,0
498,498,4
499,499,0
500,0,-5
500,6,-5
500,16,-5
500,24,-5
500,54,-5
500,78,-5
500,168,-5
500,484,-5
500,510,-5
501,2,0
501,16,0
501,86,0
501,92,0
501,442,0
502,4,1
502,34,1
502,256,1
503,0,0
503,20,0
503,66,0
504,4,0
505,505,0
506,0,-3
506,2,-3
506,12,-3
506,70,-3
506,216,-3
506,362,-3
506,698,-3
507,614,0
508,86,7
509,0,0
509,4,0
509,6,0
509,18,0
509,60,0
510,94,2
511,2,0
511,4,0
511,32,0
512,0,0
513,14,0
514,514,0
515,0,0
515,236,0
515,714,0
516,2,1
516,4,1
516,32,1
517,20,0
518,0,0
518,4,0
518,6,0
518,18,0
518,60,0
518,110,0
518,336,0
518,788,0
519,16,0
519,358,0
520,16,0
521,0,0
521,2,0
521,12,0
521,224,0
521,236,0
521,678,0
521,714,0
522,34,0
523,4,0
523,190,0
523,604,0
524,0,0
524,328,0
524,826,0
524,990,0
525,4,0
525,94,0
525,676,0
526,2,0
526,20,0
526,112,0
527,0,0
527,6,0
527,24,0
528,528,4
529,104,0
530,0,0
530,4,0
530,14,0
530,18,0
530,46,0
530,48,0
530,116,0
530,144,0
530,334,0
530,354,0
530,830,0
531,2,0
532,4,2
532,46,2
533,0,0
534,534,3
535,148,0
536,0,0
536,2,0
536,6,0
536,12,0
536,42,0
537,4,0
537,110,0
537,788,0
538,16,0
539,0,0
539,4,0
539,16,0
539,18,0
539,34,0
539,54,0
539,56,0
539,108,0
539,130,0
539,174,0
539,256,0
539,396,0
539,410,0
539,700,0
539,774,0
540,20,0
541,2,0
542,0,0
542,170,0
542,516,0
543,56,0
544,4,3
545,0,0
545,6,0
546,2,0
546,4,0
546,32,0
547,14,0
548,0,0
549,20,0
549,98,0
549,386,0
550,550,0
551,0,0
551,2,0
551,4,0
551,12,0
551,18,0
551,32,0
551,102,0
552,188,3
553,4,0
554,0,0
554,6,0
554,24,0
554,170,0
554,194,0
554,516,0
554,588,0
555,555,0
556,2,0
557,0,0
557,16,0
557,54,0
558,4,0
558,16,0
558,130,0
559,34,0
560,0,0
560,4,0
560,18,0
561,2,0
562,344,3
563,0,0
563,6,0
563,20,0
563,66,0
563,204,0
564,14,3
565,4,0
565,70,0
565,508,0
566,0,1
566,2,1
566,12,1
567,4,0
568,568,0
569,0,0
569,488,0
569,656,0
570,570,3
571,2,0
571,190,0
571,962,0
572,0,0
572,4,0
572,6,0
572,18,0
572,20,0
572,60,0
572,66,0
572,158,0
572,204,0
572,480,0
572,674,0
573,573,0
574,4,0
575,0,0
576,2,-3
576,16,-3
576,34,-3
576,92,-3
576,182,-3
576,280,-3
576,700,-3
577,16,0
577,104,0
577,488,0
578,0,0
578,230,0
578,696,0
579,4,0
579,46,0
579,70,0
579,278,0
579,508,0
580,580,0
581,0,0
581,2,0
581,4,0
581,6,0
581,12,0
581,14,0
581,18,0
581,24,0
581,32,0
581,42,0
581,46,0
581,48,0
581,60,0
581,78,0
581,82,0
581,102,0
581,116,0
581,132,0
581,144,0
581,150,0
581,186,0
581,240,0
581,242,0
581,252,0
581,312,0
581,354,0
581,402,0
581,438,0
581,456,0
581,564,0
581,592,0
581,732,0
581,762,0
581,830,0
581,942,0
582,458,0
583,583,0
584,0,0
585,740,0
586,2,0
586,4,0
586,20,0
586,32,0
586,112,0
586,158,0
586,802,0
587,0,0
588,4,1
589,589,0
590,0,0
590,6,0
590,86,0
590,264,0
590,798,0
591,2,0
592,356,1
593,0,0
593,4,0
593,18,0
594,594,0
595,4,0
595,16,0
595,20,0
595,130,0
595,158,0
595,344,0
595,434,0
596,0,-12
596,2,-12
596,12,-12
596,16,-12
596,34,-12
596,54,-12
596,92,-12
596,98,-12
596,108,-12
596,182,-12
596,282,-12
596,300,-12
596,502,-12
596,552,-12
596,700,-12
597,86,0
598,14,0
598,56,0
599,0,0
599,6,0
600,4,0
600,268,0
600,566,0
601,2,0
601,164,0
601,832,0
602,0,0
602,4,0
602,18,0
602,56,0
602,174,0
602,410,0
602,874,0
603,603,0
604,604,2
605,0,0
605,356,0
606,2,0
606,346,0
606,628,0
607,4,0
607,94,0
607,676,0
608,0,0
608,6,0
608,24,0
609,4,0
609,20,0
609,158,0
610,610,0
611,0,0
611,2,0
611,12,0
612,146,0
613,34,0
613,820,0
614,0,-4
614,4,-4
614,16,-4
614,18,-4
614,54,-4
614,130,-4
614,396,-4
615,14,0
615,16,0
615,320,0
616,2,0
616,4,0
616,32,0
617,0,0
617,6,0
618,20,3
619,619,0
620,0,5
620,160,5
620,486,5
621,2,0
621,4,0
621,32,0
622,94,0
623,0,0
623,4,0
623,18,0
623,148,0
623,364,0
623,450,0
624,164,0
625,625,0
626,0,-3
626,2,-3
626,6,-3
626,12,-3
626,42,-3
627,627,0
628,4,0
628,46,0
629,0,0
630,4,0
630,46,0
630,146,0
630,160,0
631,2,0
631,110,0
631,562,0
632,0,0
632,14,0
632,20,0
632,48,0
632,66,0
632,388,0
633,16,0
633,34,0
633,700,0
634,16,0
634,226,0
634,274,0
635,0,0
635,4,0
635,6,0
635,18,0
635,24,0
635,60,0
635,186,0
636,2,0
636,104,0
636,532,0
637,4,0
637,176,0
637,968,0
638,0,0
638,70,0
638,216,0
639,278,0
640,640,3
641,0,0
641,2,0
641,12,0
641,20,0
641,66,0
641,112,0
641,342,0
642,4,0
643,643,0
644,0,0
644,4,0
644,6,0
644,18,0
644,60,0
645,418,0
646,2,0
647,0,0
648,648,0
649,4,0
649,14,0
649,116,0
650,0,-3
650,34,-3
650,98,-3
650,108,-3
650,110,-3
650,300,-3
650,336,-3
651,2,0
651,4,0
651,32,0
652,16,0
652,70,0
652,916,0
653,0,0
653,6,0
653,16,0
653,54,0
653,168,0
654,856,2
655,20,0
656,0,-4
656,2,-4
656,4,-4
656,12,-4
656,18,-4
656,32,-4
656,102,-4
657,56,0
658,4,1
658,188,1
658,968,1
659,0,0
659,274,0
659,828,0
660,660,0
661,2,0
661,56,0
661,292,0
662,0,2
662,6,2
662,24,2
662,78,2
663,4,0
664,20,0
664,226,0
664,248,0
665,0,0
665,4,0
665,18,0
665,230,0
665,268,0
665,696,0
665,810,0
666,2,0
666,14,0
666,82,0
667,667,0
668,0,0
668,650,0
668,680,0
669,669,0
670,4,1
670,34,1
670,256,1
671,0,0
671,2,0
671,6,0
671,12,0
671,16,0
671,42,0
671,54,0
671,92,0
671,168,0
671,282,0
671,852,0
672,4,0
672,16,0
672,130,0
673,310,0
674,0,0
674,346,0
675,248,0
676,2,2
676,176,2
676,892,2
677,0,0
677,4,0
677,18,0
677,46,0
677,144,0
678,20,2
679,4,0
679,46,0
679,86,0
679,314,0
679,620,0
680,0,1
680,6,1
681,2,0
682,682,0
683,0,0
683,14,0
683,48,0
684,4,1
684,104,1
684,746,1
685,685,0
686,0,0
686,2,0
686,4,0
686,12,0
686,18,0
686,32,0
686,86,0
686,102,0
686,148,0
686,264,0
686,442,0
686,450,0
686,620,0
686,752,0
687,20,0
687,34,0
687,848,0
688,688,0
689,0,0
689,6,0
689,24,0
690,16,0
690,224,0
690,328,0
691,2,0
691,4,0
691,16,0
691,32,0
691,92,0
691,130,0
691,662,0
692,0,0
693,4,0
694,194,0
695,0,0
695,314,0
695,948,0
696,2,1
697,98,0
698,0,-3
698,4,-3
698,6,-3
698,18,-3
698,60,-3
699,699,0
700,4,1
700,14,1
700,116,1
701,0,0
701,2,0
701,12,0
701,20,0
701,66,0
701,112,0
701,342,0
702,702,0
703,703,0
704,0,3
704,94,3
704,288,3
705,4,0
706,2,0
706,334,0
706,884,0
707,0,0
707,4,0
707,6,0
707,18,0
707,34,0
707,60,0
707,108,0
707,256,0
707,330,0
707,640,0
707,774,0
708,506,0
709,16,0
710,0,0
710,16,0
710,20,0
710,54,0
710,66,0
710,434,0
711,2,0
711,70,0
711,362,0
712,4,0
712,394,0
712,544,0
713,0,0
714,4,1
715,170,0
716,0,0
716,2,0
716,6,0
716,12,0
716,24,0
716,42,0
716,56,0
716,132,0
716,174,0
716,190,0
716,292,0
716,528,0
716,576,0
716,882,0
716,962,0
717,14,0
718,718,0
719,0,0
719,4,0
719,18,0
719,94,0
719,288,0
719,676,0
719,758,0
720,56,0
721,2,0
721,4,0
721,32,0
722,0,0
723,364,0
724,20,0
724,34,0
724,848,0
725,0,0
725,6,0
725,70,0
725,216,0
725,654,0
726,2,-3
726,4,-3
726,32,-3
726,46,-3
726,242,-3
727,170,0
728,0,0
728,4,0
728,16,0
728,18,0
728,46,0
728,54,0
728,130,0
728,144,0
728,396,0
728,566,0
728,928,0
729,16,0
730,406,0
731,0,0
731,2,0
731,12,0
732,732,3
733,4,0
733,20,0
733,158,0
734,0,0
734,6,0
734,14,0
734,48,0
734,150,0
735,4,0
736,2,2
737,0,0
738,738,0
739,739,0
740,0,-1
740,4,-1
740,18,-1
741,2,0
742,4,2
743,0,0
743,6,0
743,24,0
743,78,0
743,104,0
743,188,0
743,318,0
743,570,0
743,960,0
744,34,0
744,110,0
744,394,0
745,280,0
746,0,3
746,2,3
746,12,3
747,4,0
747,16,0
747,20,0
747,130,0
747,158,0
747,434,0
747,544,0
748,16,0
748,224,0
748,386,0
749,0,0
749,4,0
749,18,0
750,750,3
751,2,0
751,14,0
751,82,0
751,98,0
751,194,0
751,502,0
751,982,0
752,0,0
752,6,0
753,753,0
754,4,0
754,236,0
755,0,0
756,2,0
756,4,0
756,20,0
756,32,0
756,112,0
756,158,0
756,802,0
757,757,0
758,0,1
759,820,0
760,236,0
761,0,0
761,2,0
761,4,0
761,6,0
761,12,0
761,18,0
761,32,0
761,34,0
761,42,0
761,60,0
761,102,0
761,108,0
761,146,0
761,182,0
761,256,0
761,312,0
761,330,0
761,444,0
761,552,0
761,742,0
761,774,0
762,762,1
763,4,0
763,110,0
763,788,0
764,0,0
764,190,0
764,576,0
765,765,0
766,2,0
766,16,0
766,92,0
767,0,0
767,16,0
767,54,0
768,4,0
768,14,0
768,86,0
768,116,0
768,164,0
768,620,0
769,769,0
770,0,0
770,4,0
770,6,0
770,18,0
770,20,0
770,24,0
770,60,0
770,66,0
770,158,0
770,186,0
770,204,0
770,406,0
770,480,0
770,618,0
771,2,0
772,772,0
773,0,0
774,148,4
775,4,0
775,46,0
775,56,0
775,86,0
775,340,0
775,410,0
775,620,0
776,0,0
776,2,0
776,12,0
777,4,0
777,46,0
778,856,0
779,0,0
779,6,0
779,20,0
779,56,0
779,66,0
779,146,0
779,174,0
779,204,0
779,444,0
779,528,0
780,780,0
781,2,0
781,34,0
781,182,0
782,0,0
782,4,0
782,18,0
783,160,0
784,4,0
784,70,0
784,508,0
785,0,0
785,14,0
785,16,0
785,48,0
785,54,0
785,320,0
785,966,0
786,2,0
786,16,0
786,92,0
787,787,0
788,0,-1
788,6,-1
788,310,-1
788,658,-1
788,936,-1
789,4,0
790,790,0
791,0,0
791,2,0
791,4,0
791,12,0
791,18,0
791,32,0
791,102,0
791,104,0
791,164,0
791,318,0
791,498,0
791,532,0
791,746,0
791,832,0
792,792,0
793,20,0
793,160,0
793,500,0
794,0,0
795,795,0
796,2,0
796,4,0
796,32,0
797,0,0
797,6,0
797,24,0
798,4,-5
798,34,-5
798,70,-5
798,98,-5
798,256,-5
798,508,-5
798,704,-5
799,484,0
800,0,0
801,2,0
801,94,0
801,482,0
802,14,2
802,20,2
802,388,2
803,0,0
803,4,0
803,18,0
804,16,0
805,4,0
805,16,0
805,130,0
805,358,0
805,766,0
806,0,0
806,2,0
806,6,0
806,12,0
806,42,0
807,807,0
808,808,0
809,0,0
810,4,1
811,2,0
811,230,0
812,0,1
812,4,1
812,18,1
813,813,0
814,814,0
815,0,0
815,6,0
816,2,0
816,20,0
816,94,0
816,112,0
816,176,0
816,482,0
816,892,0
817,4,0
818,0,0
818,34,0
818,108,0
819,4,0
819,14,0
819,116,0
820,820,2
821,0,0
821,2,0
821,12,0
822,822,0
823,16,0
824,0,-18
824,4,-18
824,6,-18
824,16,-18
824,18,-18
824,24,-18
824,46,-18
824,54,-18
824,60,-18
824,78,-18
824,130,-18
824,144,-18
824,168,-18
824,186,-18
824,240,-18
824,396,-18
824,438,-18
824,510,-18
824,564,-18
824,726,-18
824,928,-18
825,20,0
826,2,-3
826,4,-3
826,32,-3
826,46,-3
826,242,-3
826,340,-3
827,0,0
828,828,3
829,829,0
830,0,1
831,2,0
831,4,0
831,32,0
832,832,2
833,0,0
833,4,0
833,6,0
833,18,0
833,60,0
834,56,0
835,34,0
836,0,0
836,2,0
836,12,0
836,14,0
836,48,0
836,82,0
836,252,0
837,148,0
838,4,0
838,56,0
838,410,0
839,0,0
839,20,0
839,66,0
840,4,3
841,2,0
842,0,0
842,6,0
842,16,0
842,54,0
842,168,0
843,16,0
844,844,0
845,0,0
845,4,0
845,18,0
846,2,1
847,4,0
848,0,1
848,20,1
848,66,1
849,188,0
850,104,1
851,0,0
851,2,0
851,6,0
851,12,0
851,24,0
851,42,0
851,132,0
852,4,-1
852,98,-1
852,704,-1
853,14,0
854,0,0
854,4,0
854,18,0
855,34,0
855,176,0
855,328,0
856,2,-1
856,650,-1
856,670,-1
857,0,0
857,70,0
857,86,0
857,110,0
857,216,0
857,264,0
857,336,0
858,826,0
859,4,0
859,280,0
860,0,0
860,6,0
860,278,0
860,840,0
860,874,0
861,2,0
861,4,0
861,16,0
861,32,0
861,92,0
861,130,0
861,662,0
862,16,-1
862,20,-1
862,434,-1
863,0,0
863,226,0
863,684,0
864,86,0
865,865,0
866,0,0
866,2,0
866,4,0
866,12,0
866,18,0
866,32,0
866,102,0
867,334,0
868,4,0
869,0,0
869,6,0
870,14,2
871,2,0
871,20,0
871,70,0
871,112,0
871,268,0
871,362,0
872,0,0
872,34,0
872,108,0
873,4,0
873,46,0
874,874,2
875,0,0
875,4,0
875,18,0
875,46,0
875,144,0
876,2,0
876,110,0
876,562,0
877,824,0
878,0,0
878,6,0
878,24,0
879,879,0
880,4,0
880,16,0
880,130,0
880,358,0
880,916,0
881,0,0
881,2,0
881,12,0
881,16,0
881,54,0
881,92,0
881,282,0
882,4,2
883,784,0
884,0,0
884,500,0
885,20,0
886,2,0
887,0,0
887,4,0
887,6,0
887,14,0
887,18,0
887,48,0
887,60,0
887,116,0
887,150,0
887,354,0
888,170,0
889,4,0
890,0,0
891,2,0
891,194,0
891,982,0
892,34,1
893,0,0
893,56,0
893,174,0
893,226,0
893,684,0
894,4,0
894,20,0
894,158,0
895,895,0
896,0,0
896,2,0
896,4,0
896,6,0
896,12,0
896,18,0
896,32,0
896,42,0
896,60,0
896,102,0
896,312,0
897,56,0
898,94,0
898,104,0
898,230,0
899,0,0
899,16,0
899,54,0
899,98,0
899,300,0
899,418,0
900,16,0
900,170,0
900,736,0
901,2,0
901,4,0
901,32,0
902,0,0
903,4,0
904,14,1
905,0,0
905,6,0
905,24,0
905,78,0
906,2,1
907,907,0
908,0,0
908,4,0
908,18,0
908,20,0
908,66,0
908,158,0
908,480,0
909,34,0
909,190,0
909,344,0
910,4,0
910,146,0
911,0,0
911,2,0
911,12,0
911,274,0
911,596,0
911,828,0
912,912,0
913,94,0
914,0,0
914,6,0
915,4,0
915,248,0
916,2,1
917,0,0
917,4,0
917,18,0
917,20,0
917,66,0
917,158,0
917,224,0
917,480,0
917,526,0
917,678,0
918,16,0
919,16,0
920,0,0
920,278,0
920,840,0
921,2,0
921,14,0
921,82,0
922,4,0
922,46,0
923,0,0
923,6,0
924,4,0
924,46,0
925,148,0
926,0,0
926,2,0
926,12,0
926,248,0
926,680,0
926,750,0
927,927,0
928,146,3
929,0,0
929,4,0
929,18,0
929,34,0
929,108,0
929,256,0
929,774,0
930,70,0
931,2,0
931,4,0
931,20,0
931,32,0
931,112,0
931,158,0
931,802,0
932,0,0
932,6,0
932,24,0
933,614,0
934,188,0
935,0,0
935,164,0
935,498,0
936,2,-2
936,4,-2
936,32,-2
936,268,-2
936,274,-2
937,16,0
938,0,0
938,4,0
938,14,0
938,16,0
938,18,0
938,48,0
938,54,0
938,116,0
938,130,0
938,320,0
938,354,0
938,386,0
938,396,0
938,966,0
939,670,0
940,20,0
941,0,0
941,2,0
941,6,0
941,12,0
941,42,0
942,344,1
943,4,0
944,0,0
944,70,0
944,216,0
945,4,0
946,2,0
946,34,0
946,86,0
946,160,0
946,182,0
946,442,0
946,812,0
947,0,0
948,194,1
949,949,0
950,0,0
950,4,0
950,6,0
950,18,0
950,60,0
951,2,0
951,356,0
952,4,-1
952,56,-1
952,410,-1
953,0,0
953,86,0
953,98,0
953,264,0
953,300,0
954,20,0
955,14,0
955,346,0
955,458,0
956,0,0
956,2,0
956,12,0
956,16,0
956,54,0
956,56,0
956,92,0
956,160,0
956,174,0
956,282,0
956,292,0
956,486,0
956,812,0
956,882,0
957,4,0
957,16,0
957,104,0
957,130,0
957,190,0
957,746,0
958,164,0
959,0,0
959,4,0
959,6,0
959,18,0
959,24,0
959,60,0
959,186,0
960,960,2
961,2,0
962,0,1
963,20,0
964,4,0
964,356,0
965,0,0
965,944,0
965,980,0
966,2,-4
966,4,-4
966,32,-4
966,34,-4
966,182,-4
966,256,-4
967,967,0
968,0,0
968,6,0
969,656,0
970,110,0
971,0,0
971,2,0
971,4,0
971,12,0
971,18,0
971,32,0
971,46,0
971,102,0
971,144,0
971,242,0
971,732,0
972,14,0
973,4,0
973,46,0
974,0,0
975,16,0
975,224,0
975,658,0
976,2,0
976,16,0
976,92,0
977,0,0
977,6,0
977,20,0
977,66,0
977,204,0
978,4,0
979,979,0
980,0,-1
980,4,-1
980,18,-1
981,2,0
982,982,2
983,0,0
983,34,0
983,108,0
984,984,0
985,4,0
986,0,0
986,2,0
986,6,0
986,12,0
986,20,0
986,24,0
986,42,0
986,66,0
986,78,0
986,112,0
986,132,0
986,204,0
986,310,0
986,342,0
986,402,0
986,618,0
986,936,0
987,4,0
987,484,0
987,854,0
988,148,0
989,0,0
989,14,0
989,48,0
989,110,0
989,336,0
989,506,0
990,364,1
991,2,0
992,0,0
992,4,0
992,18,0
993,236,0
994,4,-1
994,16,-1
994,130,-1
995,0,0
995,6,0
995,16,0
995,54,0
995,94,0
995,168,0
995,176,0
995,288,0
995,534,0
995,870,0
996,2,0
996,314,0
997,997,0
998,0,0
999,4,0
999,236,0
